{
	"tags": null,
	"shadowAngle": 1.5707963267948966,
	"diffuse": [
		0.9725490196078431,
		0.9725490196078431,
		0.7843137254901961
	],
	"specular": [
		1,
		1,
		1
	],
	"falloffType": 0,
	"intensity": 1,
	"range": 1.7976931348623157e+308,
	"intensityMode": 0,
	"radius": 0.00001,
	"_renderPriority": 0,
	"shadowEnabled": true,
	"excludeWithLayerMask": 0,
	"includeOnlyWithLayerMask": 0,
	"lightmapMode": 0,
	"position": [
		0,
		25.354759216308594,
		-25.589141845703125
	],
	"name": "lamp1",
	"id": "2a6d6dd0-ab5a-4091-9701-25d241744568",
	"state": "",
	"metadata": {
		"script": {
			"name": "src/scenes/light_blink.ts"
		},
		"doNotExport": false
	},
	"type": 0,
	"animations": [],
	"ranges": []
}