{
	"tags": null,
	"shadowAngle": 1.5707963267948966,
	"diffuse": [
		1,
		0.9803921568627451,
		0.796078431372549
	],
	"specular": [
		1,
		1,
		1
	],
	"falloffType": 0,
	"intensity": 1,
	"range": 1.7976931348623157e+308,
	"intensityMode": 0,
	"radius": 0.00001,
	"_renderPriority": 0,
	"shadowEnabled": true,
	"excludeWithLayerMask": 0,
	"includeOnlyWithLayerMask": 0,
	"lightmapMode": 0,
	"position": [
		0,
		25.354759216308594,
		-520.7172241210938
	],
	"name": "lamp3",
	"id": "2f04fe79-09a1-410c-89a1-257dec9d89b8",
	"state": "",
	"metadata": {
		"script": {
			"name": "src/scenes/light_blink.ts"
		},
		"doNotExport": false
	},
	"type": 0,
	"animations": [],
	"ranges": []
}