{
	"materials": [],
	"meshes": [
		{
			"name": "Model_Bolts",
			"id": "b7aaa21f-ef63-423d-9000-de1fd49075a8",
			"uniqueId": 28,
			"type": "Mesh",
			"position": [
				-5.684341886080802e-14,
				0.00007116104865190209,
				0
			],
			"rotationQuaternion": [
				-8.659560562354932e-17,
				-1.2942249226282225e-31,
				0.7071067811865478,
				-0.7071067811865472
			],
			"scaling": [
				1,
				1,
				1
			],
			"localMatrix": {
				"0": 1,
				"1": 0,
				"2": 0,
				"3": 0,
				"4": 0,
				"5": 1,
				"6": 0,
				"7": 0,
				"8": 0,
				"9": 0,
				"10": 1,
				"11": 0,
				"12": 0,
				"13": 0,
				"14": 0,
				"15": 1
			},
			"isEnabled": true,
			"isVisible": true,
			"infiniteDistance": false,
			"pickable": true,
			"receiveShadows": false,
			"billboardMode": 0,
			"visibility": 1,
			"checkCollisions": false,
			"isBlocker": false,
			"overrideMaterialSideOrientation": null,
			"parentId": "Model::Bottom",
			"isUnIndexed": false,
			"geometryId": "be721de6-b026-4e19-94a2-4937e6343a07",
			"subMeshes": null,
			"materialId": "cc261c07-e286-43a3-9a23-21e68af04649",
			"metadata": {
				"basePoseMatrix": {
					"0": 1,
					"1": 0,
					"2": 0,
					"3": 0,
					"4": 0,
					"5": 1,
					"6": 0,
					"7": 0,
					"8": 0,
					"9": 0,
					"10": 1,
					"11": 0,
					"12": 0,
					"13": 0,
					"14": 0,
					"15": 1
				},
				"originalSourceFile": {
					"id": "Model::Bolts",
					"name": "Model::Bolts",
					"sceneFileName": "Sci Fi Corridor.fbx"
				},
				"isPickable": true,
				"script": {
					"name": "None"
				},
				"renderingGroupId": 0,
				"doNotExport": false
			},
			"instances": [],
			"animations": [],
			"ranges": [],
			"layerMask": 268435455,
			"alphaIndex": 1.7976931348623157e+308,
			"hasVertexAlpha": false,
			"overlayAlpha": 0.3,
			"overlayColor": [
				1,
				0,
				0
			],
			"applyFog": true,
			"delayLoadingFile": "geometries/be721de6-b026-4e19-94a2-4937e6343a07.babylonbinarymeshdata",
			"boundingBoxMaximum": [
				88.24372863769531,
				645.1168823242188,
				490.22125244140625
			],
			"boundingBoxMinimum": [
				-88.24372863769531,
				-645.1168823242188,
				-490.22125244140625
			],
			"_binaryInfo": {
				"positionsAttrDesc": {
					"count": 220320,
					"stride": 3,
					"offset": 0,
					"dataType": 1
				},
				"normalsAttrDesc": {
					"count": 220320,
					"stride": 3,
					"offset": 881280,
					"dataType": 1
				},
				"uvsAttrDesc": {
					"count": 146880,
					"stride": 2,
					"offset": 1762560,
					"dataType": 1
				},
				"indicesAttrDesc": {
					"count": 73440,
					"stride": 1,
					"offset": 2350080,
					"dataType": 0
				},
				"subMeshesAttrDesc": {
					"count": 1,
					"stride": 5,
					"offset": 2643840,
					"dataType": 0
				}
			},
			"positions": null,
			"normals": null,
			"uvs": null,
			"hasUVs": true,
			"indices": null
		}
	],
	"multiMaterials": [],
	"lods": []
}